Workbook

Sheet START HERE
A1: WORKFORCE FORECASTING | PORTFOLIO PROJECT
A3: Purpose | B3: Demonstrate daily and 30-minute inbound contact-center forecasting and workload-based staffing estimates.
A4: Data | B4: Synthetic operational dataset; not Spectrum or any real employer's data.
A5: Step 1 | B5: Review assumptions: AHT, occupancy, shrinkage, interval length.
A6: Step 2 | B6: Review 30-Min Intervals: forecast vs actual and calculated staffing.
A7: Step 3 | B7: Review Daily Forecast: rolled-up volume and accuracy.
A8: Step 4 | B8: Review Dashboard: KPIs and trend charts.
A9: Accuracy method | B9: 1 - ABS(actual - forecast)/actual; individual accuracy can be negative for very large misses.
A10: Staffing method | B10: CEILING(calls × AHT / interval seconds / occupancy / (1 - shrinkage), 1).
A11: Limitation | B11: Not an Erlang C or SLA-based staffing calculation; excludes queueing, schedule fit and intra-interval variability.

Sheet Dashboard
A1: =_xlfn.CONCAT("WORKFORCE FORECASTING | EXECUTIVE DASHBOARD FOR PERIOD OF ",TEXT('Daily Forecast'!A2,"mm/dd/yyyy"), " - ", TEXT('Daily Forecast'!A15, "mm/dd/yyyy")) -> WORKFORCE FORECASTING | EXECUTIVE DASHBOARD FOR PERIOD OF 09/07/2026 - 09/20/2026
A3: METRIC | B3: VALUE | D3: METRIC | E3: VALUE
A4: Total Forecast Calls | B4: =SUM('Daily Forecast'!B2:B15) -> 46826 | D4: Total Acutal Calls | E4: =SUM('Daily Forecast'!C2:C15) -> 46348 | G4: =_xlfn.CONCAT(D4, CHAR(10), E4) -> Total Acutal Calls 46348
A5: Total Actual Calls | B5: =SUM('Daily Forecast'!C2:C15) -> 46348 | D5: Forecast Variance | E5: =(SUM('Daily Forecast'!C2:C15)-SUM('Daily Forecast'!B2:B15))/SUM('Daily Forecast'!B2:B15) -> -0.010208004 | G5: =_xlfn.CONCAT(D5,CHAR(10),TEXT(E5,"0.01%")) -> Forecast Variance -1.01%
A6: Aggregate Forecast Accuracy | B6: =IFERROR(1-SUM('Daily Forecast'!E2:E15)/B5,0) -> 0.98494002 | D6: Peak Staff Needed | E6: ='Daily Forecast'!H16 -> 97 | G6: =_xlfn.CONCAT(D6, CHAR(10), E6) -> Peak Staff Needed 97
A7: Average Daily Staff Estimate | B7: =AVERAGE('Daily Forecast'!G2:G15) -> 56.696429 | D7: Forecast Accuracy (1-WAPE) | E7: {=1-(SUMPRODUCT(ABS('Daily Forecast'!C2:C15-'Daily Forecast'!B2:B15))/SUM('Daily Forecast'!C2:C15))} -> 0.98494002 | G7: =_xlfn.CONCAT(D7, CHAR(10), TEXT(E7,"0.01%")) -> Forecast Accuracy (1-WAPE) 98.51%
A9: NOTE: All figures are simulated. Staffing is workload-based, not SLA/Erlang C.
A79: MODEL ASSUMPTIONS | B79: Value
A80: Average handle time (sec) | B80: 360
A81: Target occupancy | B81: 0.85
A82: Shrinkage | B82: 0.3
A83: Interval minutes | B83: 30
A84: Operating hours/day | B84: 10
A85: Business days modeled | B85: 14
A86: Data classification | B86: 100% synthetic / simulated

Sheet Daily Forecast
A1: Date | B1: Forecast Calls | C1: Actual Calls | D1: Variance | E1: Abs Error | F1: Accuracy | G1: Avg Staff Needed | H1: Peak Staff Needed
A2: ='30-Min Intervals'!A2 -> 46272 | B2: =SUM('30-Min Intervals'!C2:C21) -> 3270 | C2: =SUM('30-Min Intervals'!D2:D21) -> 3299 | D2: =C2-B2 -> 29 | E2: =ABS(D2) -> 29 | F2: =IFERROR(1-E2/C2,0) -> 0.99120946 | G2: =AVERAGE('30-Min Intervals'!I2:I21) -> 55.35 | H2: =MAX('30-Min Intervals'!I2:I21) -> 85
A3: ='30-Min Intervals'!A22 -> 46273 | B3: =SUM('30-Min Intervals'!C22:C41) -> 3475 | C3: =SUM('30-Min Intervals'!D22:D41) -> 3460 | D3: =C3-B3 -> -15 | E3: =ABS(D3) -> 15 | F3: =IFERROR(1-E3/C3,0) -> 0.99566474 | G3: =AVERAGE('30-Min Intervals'!I22:I41) -> 58.85 | H3: =MAX('30-Min Intervals'!I22:I41) -> 86
A4: ='30-Min Intervals'!A42 -> 46274 | B4: =SUM('30-Min Intervals'!C42:C61) -> 3638 | C4: =SUM('30-Min Intervals'!D42:D61) -> 3627 | D4: =C4-B4 -> -11 | E4: =ABS(D4) -> 11 | F4: =IFERROR(1-E4/C4,0) -> 0.99696719 | G4: =AVERAGE('30-Min Intervals'!I42:I61) -> 61.6 | H4: =MAX('30-Min Intervals'!I42:I61) -> 88
A5: ='30-Min Intervals'!A62 -> 46275 | B5: =SUM('30-Min Intervals'!C62:C81) -> 3562 | C5: =SUM('30-Min Intervals'!D62:D81) -> 3471 | D5: =C5-B5 -> -91 | E5: =ABS(D5) -> 91 | F5: =IFERROR(1-E5/C5,0) -> 0.97378277 | G5: =AVERAGE('30-Min Intervals'!I62:I81) -> 60.35 | H5: =MAX('30-Min Intervals'!I62:I81) -> 87
A6: ='30-Min Intervals'!A82 -> 46276 | B6: =SUM('30-Min Intervals'!C82:C101) -> 3340 | C6: =SUM('30-Min Intervals'!D82:D101) -> 3273 | D6: =C6-B6 -> -67 | E6: =ABS(D6) -> 67 | F6: =IFERROR(1-E6/C6,0) -> 0.97952948 | G6: =AVERAGE('30-Min Intervals'!I82:I101) -> 56.65 | H6: =MAX('30-Min Intervals'!I82:I101) -> 85
A7: ='30-Min Intervals'!A102 -> 46277 | B7: =SUM('30-Min Intervals'!C102:C121) -> 2842 | C7: =SUM('30-Min Intervals'!D102:D121) -> 2786 | D7: =C7-B7 -> -56 | E7: =ABS(D7) -> 56 | F7: =IFERROR(1-E7/C7,0) -> 0.9798995 | G7: =AVERAGE('30-Min Intervals'!I102:I121) -> 48.2 | H7: =MAX('30-Min Intervals'!I102:I121) -> 70
A8: ='30-Min Intervals'!A122 -> 46278 | B8: =SUM('30-Min Intervals'!C122:C141) -> 2758 | C8: =SUM('30-Min Intervals'!D122:D141) -> 2786 | D8: =C8-B8 -> 28 | E8: =ABS(D8) -> 28 | F8: =IFERROR(1-E8/C8,0) -> 0.98994975 | G8: =AVERAGE('30-Min Intervals'!I122:I141) -> 46.9 | H8: =MAX('30-Min Intervals'!I122:I141) -> 69
A9: ='30-Min Intervals'!A142 -> 46279 | B9: =SUM('30-Min Intervals'!C142:C161) -> 3380 | C9: =SUM('30-Min Intervals'!D142:D161) -> 3332 | D9: =C9-B9 -> -48 | E9: =ABS(D9) -> 48 | F9: =IFERROR(1-E9/C9,0) -> 0.98559424 | G9: =AVERAGE('30-Min Intervals'!I142:I161) -> 57.4 | H9: =MAX('30-Min Intervals'!I142:I161) -> 83
A10: ='30-Min Intervals'!A162 -> 46280 | B10: =SUM('30-Min Intervals'!C162:C181) -> 3659 | C10: =SUM('30-Min Intervals'!D162:D181) -> 3712 | D10: =C10-B10 -> 53 | E10: =ABS(D10) -> 53 | F10: =IFERROR(1-E10/C10,0) -> 0.98572198 | G10: =AVERAGE('30-Min Intervals'!I162:I181) -> 62 | H10: =MAX('30-Min Intervals'!I162:I181) -> 89
A11: ='30-Min Intervals'!A182 -> 46281 | B11: =SUM('30-Min Intervals'!C182:C201) -> 3797 | C11: =SUM('30-Min Intervals'!D182:D201) -> 3758 | D11: =C11-B11 -> -39 | E11: =ABS(D11) -> 39 | F11: =IFERROR(1-E11/C11,0) -> 0.98962214 | G11: =AVERAGE('30-Min Intervals'!I182:I201) -> 64.3 | H11: =MAX('30-Min Intervals'!I182:I201) -> 96
A12: ='30-Min Intervals'!A202 -> 46282 | B12: =SUM('30-Min Intervals'!C202:C221) -> 3719 | C12: =SUM('30-Min Intervals'!D202:D221) -> 3685 | D12: =C12-B12 -> -34 | E12: =ABS(D12) -> 34 | F12: =IFERROR(1-E12/C12,0) -> 0.99077341 | G12: =AVERAGE('30-Min Intervals'!I202:I221) -> 63.05 | H12: =MAX('30-Min Intervals'!I202:I221) -> 97
A13: ='30-Min Intervals'!A222 -> 46283 | B13: =SUM('30-Min Intervals'!C222:C241) -> 3487 | C13: =SUM('30-Min Intervals'!D222:D241) -> 3410 | D13: =C13-B13 -> -77 | E13: =ABS(D13) -> 77 | F13: =IFERROR(1-E13/C13,0) -> 0.97741935 | G13: =AVERAGE('30-Min Intervals'!I222:I241) -> 59 | H13: =MAX('30-Min Intervals'!I222:I241) -> 87
A14: ='30-Min Intervals'!A242 -> 46284 | B14: =SUM('30-Min Intervals'!C242:C261) -> 2983 | C14: =SUM('30-Min Intervals'!D242:D261) -> 2889 | D14: =C14-B14 -> -94 | E14: =ABS(D14) -> 94 | F14: =IFERROR(1-E14/C14,0) -> 0.96746279 | G14: =AVERAGE('30-Min Intervals'!I242:I261) -> 50.55 | H14: =MAX('30-Min Intervals'!I242:I261) -> 77
A15: ='30-Min Intervals'!A262 -> 46285 | B15: =SUM('30-Min Intervals'!C262:C281) -> 2916 | C15: =SUM('30-Min Intervals'!D262:D281) -> 2860 | D15: =C15-B15 -> -56 | E15: =ABS(D15) -> 56 | F15: =IFERROR(1-E15/C15,0) -> 0.98041958 | G15: =AVERAGE('30-Min Intervals'!I262:I281) -> 49.55 | H15: =MAX('30-Min Intervals'!I262:I281) -> 72
A16: Total | B16: =SUM(B2:B15) -> 46826 | C16: =SUM(C2:C15) -> 46348 | D16: =C16-B16 -> -478 | E16: =ABS(D16) -> 478 | F16: =IFERROR(1-E16/C16,0) -> 0.98968672 | G16: =AVERAGE('30-Min Intervals'!I263:I282) -> 50.947368 | H16: =MAX(H2:H15) -> 97

Sheet 30-Min Intervals
A1: Date | B1: Interval Start | C1: Forecast Calls | D1: Actual Calls | E1: Variance | F1: Abs Error | G1: Accuracy | H1: Workload FTE | I1: Staff Needed | J1: Actual Workload FTE
A2: 46272 | B2: 46272.333 | C2: 77 | D2: 72 | E2: =D2-C2 -> -5 | F2: =ABS(E2) -> 5 | G2: =IFERROR(1-F2/D2,0) -> 0.93055556 | H2: =C2*Assumptions!$B$2/(Assumptions!$B$5*60*Assumptions!$B$3) -> 18.117647 | I2: =ROUNDUP(H2/(1-Assumptions!$B$4),0) -> 26 | J2: =D2*Assumptions!$B$2/(Assumptions!$B$5*60*Assumptions!$B$3) -> 16.941176
A3: 46272 | B3: 46272.354 | C3: 103 | D3: 105 | E3: =D3-C3 -> 2 | F3: =ABS(E3) -> 2 | G3: =IFERROR(1-F3/D3,0) -> 0.98095238 | H3: =C3*Assumptions!$B$2/(Assumptions!$B$5*60*Assumptions!$B$3) -> 24.235294 | I3: =ROUNDUP(H3/(1-Assumptions!$B$4),0) -> 35 | J3: =D3*Assumptions!$B$2/(Assumptions!$B$5*60*Assumptions!$B$3) -> 24.705882
A4: 46272 | B4: 46272.375 | C4: 130 | D4: 139 | E4: =D4-C4 -> 9 | F4: =ABS(E4) -> 9 | G4: =IFERROR(1-F4/D4,0) -> 0.9352518 | H4: =C4*Assumptions!$B$2/(Assumptions!$B$5*60*Assumptions!$B$3) -> 30.588235 | I4: =ROUNDUP(H4/(1-Assumptions!$B$4),0) -> 44 | J4: =D4*Assumptions!$B$2/(Assumptions!$B$5*60*Assumptions!$B$3) -> 32.705882
A5: 46272 | B5: 46272.396 | C5: 169 | D5: 150 | E5: =D5-C5 -> -19 | F5: =ABS(E5) -> 19 | G5: =IFERROR(1-F5/D5,0) -> 0.87333333 | H5: =C5*Assumptions!$B$2/(Assumptions!$B$5*60*Assumptions!$B$3) -> 39.764706 | I5: =ROUNDUP(H5/(1-Assumptions!$B$4),0) -> 57 | J5: =D5*Assumptions!$B$2/(Assumptions!$B$5*60*Assumptions!$B$3) -> 35.294118
A6: 46272 | B6: 46272.417 | C6: 199 | D6: 199 | E6: =D6-C6 -> 0 | F6: =ABS(E6) -> 0 | G6: =IFERROR(1-F6/D6,0) -> 1 | H6: =C6*Assumptions!$B$2/(Assumptions!$B$5*60*Assumptions!$B$3) -> 46.823529 | I6: =ROUNDUP(H6/(1-Assumptions!$B$4),0) -> 67 | J6: =D6*Assumptions!$B$2/(Assumptions!$B$5*60*Assumptions!$B$3) -> 46.823529
A7: 46272 | B7: 46272.438 | C7: 228 | D7: 253 | E7: =D7-C7 -> 25 | F7: =ABS(E7) -> 25 | G7: =IFERROR(1-F7/D7,0) -> 0.90118577 | H7: =C7*Assumptions!$B$2/(Assumptions!$B$5*60*Assumptions!$B$3) -> 53.647059 | I7: =ROUNDUP(H7/(1-Assumptions!$B$4),0) -> 77 | J7: =D7*Assumptions!$B$2/(Assumptions!$B$5*60*Assumptions!$B$3) -> 59.529412
A8: 46272 | B8: 46272.458 | C8: 251 | D8: 246 | E8: =D8-C8 -> -5 | F8: =ABS(E8) -> 5 | G8: =IFERROR(1-F8/D8,0) -> 0.9796748 | H8: =C8*Assumptions!$B$2/(Assumptions!$B$5*60*Assumptions!$B$3) -> 59.058824 | I8: =ROUNDUP(H8/(1-Assumptions!$B$4),0) -> 85 | J8: =D8*Assumptions!$B$2/(Assumptions!$B$5*60*Assumptions!$B$3) -> 57.882353
A9: 46272 | B9: 46272.479 | C9: 233 | D9: 249 | E9: =D9-C9 -> 16 | F9: =ABS(E9) -> 16 | G9: =IFERROR(1-F9/D9,0) -> 0.93574297 | H9: =C9*Assumptions!$B$2/(Assumptions!$B$5*60*Assumptions!$B$3) -> 54.823529 | I9: =ROUNDUP(H9/(1-Assumptions!$B$4),0) -> 79 | J9: =D9*Assumptions!$B$2/(Assumptions!$B$5*60*Assumptions!$B$3) -> 58.588235
A10: 46272 | B10: 46272.5 | C10: 220 | D10: 195 | E10: =D10-C10 -> -25 | F10: =ABS(E10) -> 25 | G10: =IFERROR(1-F10/D10,0) -> 0.87179487 | H10: =C10*Assumptions!$B$2/(Assumptions!$B$5*60*Assumptions!$B$3) -> 51.764706 | I10: =ROUNDUP(H10/(1-Assumptions!$B$4),0) -> 74 | J10: =D10*Assumptions!$B$2/(Assumptions!$B$5*60*Assumptions!$B$3) -> 45.882353
A11: 46272 | B11: 46272.521 | C11: 188 | D11: 175 | E11: =D11-C11 -> -13 | F11: =ABS(E11) -> 13 | G11: =IFERROR(1-F11/D11,0) -> 0.92571429 | H11: =C11*Assumptions!$B$2/(Assumptions!$B$5*60*Assumptions!$B$3) -> 44.235294 | I11: =ROUNDUP(H11/(1-Assumptions!$B$4),0) -> 64 | J11: =D11*Assumptions!$B$2/(Assumptions!$B$5*60*Assumptions!$B$3) -> 41.176471
A12: 46272 | B12: 46272.542 | C12: 160 | D12: 164 | E12: =D12-C12 -> 4 | F12: =ABS(E12) -> 4 | G12: =IFERROR(1-F12/D12,0) -> 0.97560976 | H12: =C12*Assumptions!$B$2/(Assumptions!$B$5*60*Assumptions!$B$3) -> 37.647059 | I12: =ROUNDUP(H12/(1-Assumptions!$B$4),0) -> 54 | J12: =D12*Assumptions!$B$2/(Assumptions!$B$5*60*Assumptions!$B$3) -> 38.588235
A13: 46272 | B13: 46272.562 | C13: 171 | D13: 190 | E13: =D13-C13 -> 19 | F13: =ABS(E13) -> 19 | G13: =IFERROR(1-F13/D13,0) -> 0.9 | H13: =C13*Assumptions!$B$2/(Assumptions!$B$5*60*Assumptions!$B$3) -> 40.235294 | I13: =ROUNDUP(H13/(1-Assumptions!$B$4),0) -> 58 | J13: =D13*Assumptions!$B$2/(Assumptions!$B$5*60*Assumptions!$B$3) -> 44.705882
... A281: 46285 | B281: 46272.729 | C281: 95 | D281: 97 | E281: =D281-C281 -> 2 | F281: =ABS(E281) -> 2 | G281: =IFERROR(1-F281/D281,0) -> 0.97938144 | H281: =C281*Assumptions!$B$2/(Assumptions!$B$5*60*Assumptions!$B$3) -> 22.352941 | I281: =ROUNDUP(H281/(1-Assumptions!$B$4),0) -> 32 | J281: =D281*Assumptions!$B$2/(Assumptions!$B$5*60*Assumptions!$B$3) -> 22.823529

Sheet Assumptions
A1: MODEL ASSUMPTIONS | B1: Value
A2: Average handle time (sec) | B2: 360
A3: Target occupancy | B3: 0.85
A4: Shrinkage | B4: 0.3
A5: Interval minutes | B5: 30
A6: Operating hours/day | B6: 10
A7: Business days modeled | B7: 14
A8: Data classification | B8: 100% synthetic / simulated
